,File,Subject,Time,Date,Message,SessionNum,PhaseNum,Trial,TrialStart,TrialTime,RawTrialTime,LRSoffset,Closest Ticks,Angle
0,REX_20251026084543.txt,Rex,18.5679996120743,2025-10-26,Hit,1,2,0,18.1799995936453,0.38800001842900045,0.38800001842900045,0.0,0.36800001747910116,0.1689028308377417
1,REX_20251026084543.txt,Rex,18.9039996280335,2025-10-26,Miss,1,2,0,18.1799995936453,0.7240000343882009,0.7240000343882009,0.0,0.36800001747910116,3.0064703889193387
2,REX_20251026084543.txt,Rex,19.2399996439926,2025-10-26,Hit,1,2,0,18.1799995936453,1.060000050347302,1.060000050347302,0.0,1.1120000528172014,-0.4391473601794905
3,REX_20251026084543.txt,Rex,19.6719996645115,2025-10-26,Miss,1,2,0,18.1799995936453,1.492000070866201,1.492000070866201,0.0,1.860000088345302,-3.09119277144694
4,REX_20251026084543.txt,Rex,20.5839997078292,2025-10-26,Safe,1,2,0,18.1799995936453,2.4040001141839014,2.4040001141839014,0.0,2.6040001236834023,-1.6890283083817073
5,REX_20251026084543.txt,Rex,22.1559997824952,2025-10-26,Hit,1,2,0,18.1799995936453,3.976000188849902,3.976000188849902,0.0,4.092000194359603,-0.9796364188613079
6,REX_20251026084543.txt,Rex,23.3799998406321,2025-10-26,Miss,1,2,0,18.1799995936453,5.2000002469868,5.2000002469868,0.0,4.836000229697703,3.057592850018068
7,REX_20251026084543.txt,Rex,24.1479998771101,2025-10-26,Miss,1,2,0,18.1799995936453,5.9680002834648,5.9680002834648,0.0,6.3280003005639,-3.0402509550870613
8,REX_20251026084543.txt,Rex,25.0119999181479,2025-10-26,Safe,1,2,0,18.1799995936453,6.8320003245026015,6.8320003245026015,0.0,7.0720003359020005,-2.0268339700580307
9,REX_20251026084543.txt,Rex,25.6719999494962,2025-10-26,Miss,1,2,0,18.1799995936453,7.492000355850902,7.492000355850902,0.0,7.816000371240101,-2.73622585957843
10,REX_20251026084543.txt,Rex,26.3919999836944,2025-10-26,Miss,1,2,0,18.1799995936453,8.212000390049102,8.212000390049102,0.0,8.560000406578201,-2.938909256583894
11,REX_20251026084543.txt,Rex,27.3760000304319,2025-10-26,Hit,1,2,0,18.1799995936453,9.196000436786601,9.196000436786601,0.0,9.308000442106302,-0.9407978000053713
12,REX_20251026084543.txt,Rex,28.1800000686198,2025-10-26,Hit,1,2,0,18.1799995936453,10.000000474974502,10.000000474974502,0.0,10.03257062138616,-0.2824353958229538
13,REX_20251026084543.txt,Rex,38.8879998759367,2025-10-26,Miss,1,2,1,38.2199998442084,0.6680000317282975,0.6680000317282975,0.0,0.3160000150091946,2.972689822751632
14,REX_20251026084543.txt,Rex,39.4759999038652,2025-10-26,Safe,1,2,1,38.2199998442084,1.2560000596567988,1.2560000596567988,0.0,1.0600000503472984,1.6552477422139928
15,REX_20251026084543.txt,Rex,40.0639999317937,2025-10-26,Hit,1,2,1,38.2199998442084,1.8440000875853002,1.8440000875853002,0.0,1.804000085685395,0.344959801137506
16,REX_20251026084543.txt,Rex,40.6279999585822,2025-10-26,Hit,1,2,1,38.2199998442084,2.408000114373799,2.408000114373799,0.0,2.532570265155254,-1.0742923100046604
17,REX_20251026084543.txt,Rex,50.5359997809865,2025-10-26,Miss,1,2,2,49.9079997511581,0.6280000298283994,0.6280000298283994,0.0,0.9160000435076014,-2.432200764068977
18,REX_20251026084543.txt,Rex,51.0519998054951,2025-10-26,Safe,1,2,2,49.9079997511581,1.144000054336999,1.144000054336999,0.0,0.9160000435076014,1.9254922715548728
19,REX_20251026084543.txt,Rex,51.483999826014,2025-10-26,Hit,1,2,2,49.9079997511581,1.576000074855898,1.576000074855898,0.0,1.6600000788456981,-0.7093918895204027
20,REX_20251026084543.txt,Rex,51.7479998385534,2025-10-26,Miss (already hit),1,2,2,49.9079997511581,1.8400000873952962,1.8400000873952962,0.0,1.6600000788456981,1.5201254775439283
21,REX_20251026084543.txt,Rex,53.0319998995401,2025-10-26,Hit,1,2,2,49.9079997511581,3.1240001483819952,3.1240001483819952,0.0,3.1480001495218985,-0.20268339700549504
22,REX_20251026084543.txt,Rex,53.5479999240488,2025-10-26,Miss,1,2,2,49.9079997511581,3.6400001728907014,3.6400001728907014,0.0,3.8960001850499992,-2.150394971440704
23,REX_20251026084543.txt,Rex,54.0999999502674,2025-10-26,Miss,1,2,2,49.9079997511581,4.192000199109302,4.192000199109302,0.0,3.8960001850499992,2.4997618964052855
24,REX_20251026084543.txt,Rex,54.5919999736361,2025-10-26,Hit,1,2,2,49.9079997511581,4.684000222477998,4.684000222477998,0.0,4.640000220388096,0.37945578125126
25,REX_20251026084543.txt,Rex,55.1680000009947,2025-10-26,Hit,1,2,2,49.9079997511581,5.260000249836601,5.260000249836601,0.0,5.368570399858054,-0.936308389549187
26,REX_20251026084543.txt,Rex,64.2199998414144,2025-10-26,Safe,1,2,3,63.607999812346,0.6120000290684047,0.6120000290684047,0.0,0.7880000374278993,-1.4863449113753362
27,REX_20251026084543.txt,Rex,64.6039998596534,2025-10-26,Miss (already hit),1,2,3,63.607999812346,0.9960000473073976,0.9960000473073976,0.0,0.7880000374278993,1.7565894407171134
28,REX_20251026084543.txt,Rex,65.0599998813123,2025-10-26,Hit,1,2,3,63.607999812346,1.4520000689662922,1.4520000689662922,0.0,1.532000072766003,-0.6756113233519236
29,REX_20251026084543.txt,Rex,65.5279999035411,2025-10-26,Miss,1,2,3,63.607999812346,1.9200000911950994,1.9200000911950994,0.0,2.276000108104192,-3.00647038891892
30,REX_20251026084543.txt,Rex,65.95999992406,2025-10-26,Hit,1,2,3,63.607999812346,2.3520001117139984,2.3520001117139984,0.0,2.276000108104192,0.6554236221611387
31,REX_20251026084543.txt,Rex,66.4999999497086,2025-10-26,Hit,1,2,3,63.607999812346,2.8920001373625936,2.8920001373625936,0.0,3.004570287574058,-0.9708043696632337
32,REX_20251026084543.txt,Rex,79.0359997209162,2025-10-26,Hit,1,2,4,78.299999685958,0.7360000349581952,0.7360000349581952,0.0,0.6560000311583991,0.693728313451666
33,REX_20251026084543.txt,Rex,79.5519997454248,2025-10-26,Hit,1,2,4,78.299999685958,1.2520000594667948,1.2520000594667948,0.0,1.3805702104382611,-1.1149093719654137
34,REX_20251026084543.txt,Rex,91.787999516353,2025-10-26,Hit,1,2,5,91.1519994861446,0.6360000302083932,0.6360000302083932,0.0,0.5040000239387012,1.1383673437536685
35,REX_20251026084543.txt,Rex,92.2439995380118,2025-10-26,Hit,1,2,5,91.1519994861446,1.0920000518672026,1.0920000518672026,0.0,1.2325702034086525,-1.212276230459791
36,REX_20251026084543.txt,Rex,102.23599935323,2025-10-26,Safe,1,2,6,101.683999327011,0.5520000262190052,0.5520000262190052,0.0,0.3440000163400043,1.756589440713148
37,REX_20251026084543.txt,Rex,102.607999370899,2025-10-26,Hit,1,2,6,101.683999327011,0.9240000438880003,0.9240000438880003,0.0,1.0880000516780086,-1.3850032128767051
38,REX_20251026084543.txt,Rex,103.051999391988,2025-10-26,Miss,1,2,6,101.683999327011,1.3680000649770108,1.3680000649770108,0.0,1.0880000516780086,2.364639631732214
39,REX_20251026084543.txt,Rex,103.459999411367,2025-10-26,Hit,1,2,6,101.683999327011,1.7760000843559993,1.7760000843559993,0.0,1.8320000870159987,-0.472927926348123
40,REX_20251026084543.txt,Rex,103.879999431316,2025-10-26,Miss,1,2,6,101.683999327011,2.196000104305,2.196000104305,0.0,1.8320000870159987,3.0575928500176253
41,REX_20251026084543.txt,Rex,104.335999452975,2025-10-26,Hit,1,2,6,101.683999327011,2.6520001259640082,2.6520001259640082,0.0,2.580000122544007,0.6243554821085422
42,REX_20251026084543.txt,Rex,104.851999477483,2025-10-26,Hit,1,2,6,101.683999327011,3.168000150472011,3.168000150472011,0.0,3.3045703018233574,-1.184282203310554
43,REX_20251026084543.txt,Rex,113.771999332588,2025-10-26,Hit,1,2,7,112.99199929554,0.7800000370479978,0.7800000370479978,0.0,0.9320000442680083,-1.2767970142966658
44,REX_20251026084543.txt,Rex,114.167999351397,2025-10-26,Miss (already hit),1,2,7,112.99199929554,1.1760000558570027,1.1760000558570027,0.0,0.9320000442680083,2.0606145362226376
45,REX_20251026084543.txt,Rex,114.539999369066,2025-10-26,Hit,1,2,7,112.99199929554,1.5480000735259978,1.5480000735259978,0.0,1.6760000796059984,-1.0809781173671553
46,REX_20251026084543.txt,Rex,114.959999389015,2025-10-26,Miss,1,2,7,112.99199929554,1.9680000934749984,1.9680000934749984,0.0,1.6760000796059984,2.465981330235319
47,REX_20251026084543.txt,Rex,115.367999408394,2025-10-26,Hit,1,2,7,112.99199929554,2.376000112854001,2.376000112854001,0.0,2.4200001149440027,-0.3715862278449638
48,REX_20251026084543.txt,Rex,115.799999428913,2025-10-26,Miss,1,2,7,112.99199929554,2.8080001333729996,2.8080001333729996,0.0,3.164000150282007,-3.006470388918946
49,REX_20251026084543.txt,Rex,116.303999452852,2025-10-26,Hit,1,2,7,112.99199929554,3.3120001573119993,3.3120001573119993,0.0,3.164000150282007,1.2763512642108732
50,REX_20251026084543.txt,Rex,116.771999475081,2025-10-26,Hit,1,2,7,112.99199929554,3.7800001795410054,3.7800001795410054,0.0,3.892570329752356,-0.9708043696616094
51,REX_20251026084543.txt,Rex,125.459999331739,2025-10-26,Hit,1,2,8,124.731999297161,0.7280000345780024,0.7280000345780024,0.0,0.7960000378079997,-0.5742696248512751
52,REX_20251026084543.txt,Rex,125.795999347698,2025-10-26,Miss,1,2,8,124.731999297161,1.064000050537004,1.064000050537004,0.0,0.7960000378079997,2.251194735725076
53,REX_20251026084543.txt,Rex,126.107999362517,2025-10-26,Hit,1,2,8,124.731999297161,1.3760000653560098,1.3760000653560098,0.0,1.544000073336008,-1.4111967000119912
54,REX_20251026084543.txt,Rex,126.563999384176,2025-10-26,Miss,1,2,8,124.731999297161,1.832000087015004,1.832000087015004,0.0,1.544000073336008,2.4322007640676087
55,REX_20251026084543.txt,Rex,127.187999413814,2025-10-26,Hit,1,2,8,124.731999297161,2.4560001166530014,2.4560001166530014,0.0,2.288000108673998,1.448831164773341
56,REX_20251026084543.txt,Rex,127.631999434903,2025-10-26,Hit,1,2,8,124.731999297161,2.9000001377419977,2.9000001377419977,0.0,3.0165702881433667,-1.0053003497769288
57,REX_20251026084543.txt,Rex,136.491999282967,2025-10-26,Hit,1,2,9,135.831999251619,0.6600000313479768,0.6600000313479768,0.0,0.664000031537995,-0.03378056616787737
58,REX_20251026084543.txt,Rex,137.019999308046,2025-10-26,Safe,1,2,9,135.831999251619,1.1880000564270006,1.1880000564270006,0.0,1.4080000668759851,-1.8579311392162137
59,REX_20251026084543.txt,Rex,137.451999328565,2025-10-26,Miss (already hit),1,2,9,135.831999251619,1.6200000769459848,1.6200000769459848,0.0,1.4080000668759851,1.7903700068892714
60,REX_20251026084543.txt,Rex,137.919999350794,2025-10-26,Hit,1,2,9,135.831999251619,2.088000099174991,2.088000099174991,0.0,2.1520001022140036,-0.5404890586752161
61,REX_20251026084543.txt,Rex,138.327999370173,2025-10-26,Miss,1,2,9,135.831999251619,2.4960001185539795,2.4960001185539795,0.0,2.1520001022140036,2.905128690420128
62,REX_20251026084543.txt,Rex,138.783999391831,2025-10-26,Hit,1,2,9,135.831999251619,2.952000140211993,2.952000140211993,0.0,2.8960001375529885,0.4829437215853944
63,REX_20251026084543.txt,Rex,139.43199942261,2025-10-26,Hit,1,2,9,135.831999251619,3.6000001709909952,3.6000001709909952,0.0,3.624570317022357,-0.21189280715818853
64,REX_20251026084543.txt,Rex,149.45999923395,2025-10-26,Hit,1,2,10,148.951999209821,0.5080000241289895,0.5080000241289895,0.0,0.6160000292589984,-0.9071978785792225
65,REX_20251026084543.txt,Rex,149.879999253899,2025-10-26,Miss,1,2,10,148.951999209821,0.9280000440780043,0.9280000440780043,0.0,0.6160000292589984,2.6207938714425194
66,REX_20251026084543.txt,Rex,150.275999272708,2025-10-26,Hit,1,2,10,148.951999209821,1.324000062886995,1.324000062886995,0.0,1.3640000647870067,-0.3359992142886717
67,REX_20251026084543.txt,Rex,150.635999289807,2025-10-26,Miss,1,2,10,148.951999209821,1.6840000799859922,1.6840000799859922,0.0,1.3640000647870067,2.7024452934093075
68,REX_20251026084543.txt,Rex,151.031999308616,2025-10-26,Hit,1,2,10,148.951999209821,2.0800000987950114,2.0800000987950114,0.0,2.108000100124997,-0.23646396317394147
69,REX_20251026084543.txt,Rex,151.427999327425,2025-10-26,Miss,1,2,10,148.951999209821,2.476000117604002,2.476000117604002,0.0,2.108000100124997,3.1078120874220367
70,REX_20251026084543.txt,Rex,151.847999347374,2025-10-26,Hit,1,2,10,148.951999209821,2.896000137553017,2.896000137553017,0.0,2.8520001354630153,0.3715862278449709
71,REX_20251026084543.txt,Rex,152.747999390122,2025-10-26,Safe,1,2,10,148.951999209821,3.7960001803010073,3.7960001803010073,0.0,3.5960001708010054,1.6890283083861877
72,REX_20251026084543.txt,Rex,153.31199941691,2025-10-26,Hit,1,2,10,148.951999209821,4.360000207089001,4.360000207089001,0.0,4.3400002061389955,0.16874123262487256
73,REX_20251026084543.txt,Rex,161.675999302883,2025-10-26,Miss,1,2,11,160.631999253295,1.0440000495880213,1.0440000495880213,0.0,1.3760000653570046,-2.8037869919124594
74,REX_20251026084543.txt,Rex,162.047999320552,2025-10-26,Hit,1,2,11,160.631999253295,1.4160000672570163,1.4160000672570163,0.0,1.3760000653570046,0.3449598011386573
75,REX_20251026084543.txt,Rex,162.63599934848,2025-10-26,Hit,1,2,11,160.631999253295,2.004000095185006,2.004000095185006,0.0,2.1045702448263732,-0.8673164293214903
76,REX_20251026084543.txt,Rex,172.575999164023,2025-10-26,Hit,1,2,12,172.035999138374,0.5400000256489932,0.5400000256489932,0.0,0.5120000243190077,0.23646396317394147
77,REX_20251026084543.txt,Rex,172.911999179982,2025-10-26,Miss,1,2,12,172.035999138374,0.8760000416079947,0.8760000416079947,0.0,0.5120000243190077,3.0740315212542786
78,REX_20251026084543.txt,Rex,173.69199921703,2025-10-26,Miss,1,2,12,172.035999138374,1.6560000786560067,1.6560000786560067,0.0,2.0000000949950163,-2.9051286904157405
79,REX_20251026084543.txt,Rex,173.991999231279,2025-10-26,Hit,1,2,12,172.035999138374,1.9560000929050148,1.9560000929050148,0.0,2.0000000949950163,-0.3715862278449567
80,REX_20251026084543.txt,Rex,174.507999255788,2025-10-26,Miss,1,2,12,172.035999138374,2.4720001174140123,2.4720001174140123,0.0,2.7440001303330064,-2.297078499396699
81,REX_20251026084543.txt,Rex,174.879999273457,2025-10-26,Hit,1,2,12,172.035999138374,2.8440001350830073,2.8440001350830073,0.0,2.7440001303330064,0.8623995028463982
82,REX_20251026084543.txt,Rex,175.371999296825,2025-10-26,Hit,1,2,12,172.035999138374,3.3360001584510144,3.3360001584510144,0.0,3.472570309802375,-1.177780250346135
83,REX_20251026084543.txt,Rex,184.683999123052,2025-10-26,Hit,1,2,13,184.191999099683,0.49200002336900184,0.49200002336900184,0.0,0.3520000167190176,1.1759972500098732
84,REX_20251026084543.txt,Rex,184.983999137301,2025-10-26,Miss,1,2,13,184.191999099683,0.7920000376180099,0.7920000376180099,0.0,1.100000052247026,-2.5871939500137477
85,REX_20251026084543.txt,Rex,185.27199915098,2025-10-26,Hit,1,2,13,184.191999099683,1.08000005129702,1.08000005129702,0.0,1.100000052247026,-0.16799960714433584
86,REX_20251026084543.txt,Rex,185.595999166369,2025-10-26,Miss,1,2,13,184.191999099683,1.4040000666860237,1.4040000666860237,0.0,1.100000052247026,2.5673230287385183
87,REX_20251026084543.txt,Rex,186.003999185748,2025-10-26,Hit,1,2,13,184.191999099683,1.8120000860650123,1.8120000860650123,0.0,1.844000087585016,-0.27024452934181886
88,REX_20251026084543.txt,Rex,186.555999211967,2025-10-26,Safe,1,2,13,184.191999099683,2.3640001122840033,2.3640001122840033,0.0,2.588000122923006,-1.8917117053840908
89,REX_20251026084543.txt,Rex,187.059999235906,2025-10-26,Miss,1,2,13,184.191999099683,2.868000136223003,2.868000136223003,0.0,2.588000122923006,2.364639631737363
90,REX_20251026084543.txt,Rex,187.407999252435,2025-10-26,Hit,1,2,13,184.191999099683,3.2160001527520024,3.2160001527520024,0.0,3.3320001582620193,-0.9796364188627761
91,REX_20251026084543.txt,Rex,187.851999273524,2025-10-26,Miss,1,2,13,184.191999099683,3.660000173841013,3.660000173841013,0.0,3.3320001582620193,2.7700064257448225
92,REX_20251026084543.txt,Rex,188.283999294043,2025-10-26,Hit,1,2,13,184.191999099683,4.0920001943600255,4.0920001943600255,0.0,4.076000193600009,0.13439968571556415
93,REX_20251026084543.txt,Rex,188.703999313992,2025-10-26,Miss,1,2,13,184.191999099683,4.512000214309012,4.512000214309012,0.0,4.824000229128018,-2.6207938714425194
94,REX_20251026084543.txt,Rex,189.075999331661,2025-10-26,Hit,1,2,13,184.191999099683,4.884000231978007,4.884000231978007,0.0,4.824000229128018,0.5067084925157603
95,REX_20251026084543.txt,Rex,189.495999351609,2025-10-26,Miss,1,2,13,184.191999099683,5.3040002519259986,5.3040002519259986,0.0,5.568000264466008,-2.229517367069825
96,REX_20251026084543.txt,Rex,189.975999374408,2025-10-26,Safe,1,2,13,184.191999099683,5.7840002747250026,5.7840002747250026,0.0,5.568000264466008,1.8241505730485763
97,REX_20251026084543.txt,Rex,190.431999396067,2025-10-26,Hit,1,2,13,184.191999099683,6.240000296384011,6.240000296384011,0.0,6.312000299803998,-0.6080501910189123
98,REX_20251026084543.txt,Rex,191.355999439955,2025-10-26,Hit,1,2,13,184.191999099683,7.164000340272025,7.164000340272025,0.0,7.056000335142016,0.91120265617412
99,REX_20251026084543.txt,Rex,203.11999921361,2025-10-26,Hit,1,2,14,202.595999188721,0.5240000248889771,0.5240000248889771,0.0,0.4560000216589799,0.5864316619347207
100,REX_20251026084543.txt,Rex,203.719999242108,2025-10-26,Hit,1,2,14,202.595999188721,1.1240000533869932,1.1240000533869932,0.0,1.1845702011293433,-0.5223566281906986
101,REX_20251026084543.txt,Rex,214.679999053013,2025-10-26,Miss,1,2,15,213.879999015015,0.8000000379980179,0.8000000379980179,0.0,1.1200000531970034,-2.7024452934093075
102,REX_20251026084543.txt,Rex,215.339999084361,2025-10-26,Miss,1,2,15,213.879999015015,1.460000069346023,1.460000069346023,0.0,1.1200000531970034,2.871348124248105
103,REX_20251026084543.txt,Rex,215.7239991026,2025-10-26,Hit,1,2,15,213.879999015015,1.844000087585016,1.844000087585016,0.0,1.8640000885350219,-0.16890283083866034
104,REX_20251026084543.txt,Rex,216.239999127109,2025-10-26,Miss,1,2,15,213.879999015015,2.3600001120940135,2.3600001120940135,0.0,2.6120001240630017,-2.1167950500095922
105,REX_20251026084543.txt,Rex,216.575999143068,2025-10-26,Hit,1,2,15,213.879999015015,2.696000128053015,2.696000128053015,0.0,2.6120001240630017,0.7284147291267067
106,REX_20251026084543.txt,Rex,217.115999168716,2025-10-26,Hit,1,2,15,213.879999015015,3.2360001537010135,3.2360001537010135,0.0,3.3365703033423806,-0.8721044622564333
107,REX_20251026084543.txt,Rex,224.763999029063,2025-10-26,Safe,1,2,16,224.315999007784,0.4480000212790003,0.4480000212790003,0.0,0.25200001196898825,1.6463961500141093
108,REX_20251026084543.txt,Rex,225.123999046162,2025-10-26,Safe,1,2,16,224.315999007784,0.8080000383779975,0.8080000383779975,0.0,1.0000000474969966,-1.612796228576743
109,REX_20251026084543.txt,Rex,225.77199907694,2025-10-26,Miss,1,2,16,224.315999007784,1.4560000691560049,1.4560000691560049,0.0,1.7440000828349866,-2.4322007640674888
110,REX_20251026084543.txt,Rex,226.107999092899,2025-10-26,Hit,1,2,16,224.315999007784,1.7920000851150064,1.7920000851150064,0.0,1.7440000828349866,0.41395176136587264
111,REX_20251026084543.txt,Rex,226.779999124818,2025-10-26,Hit,1,2,16,224.315999007784,2.4640001170340042,2.4640001170340042,0.0,2.47257026230535,-0.07390888670252664
112,REX_20251026084543.txt,Rex,236.431998947635,2025-10-26,Miss,1,2,17,235.879998921417,0.5520000262179963,0.5520000262179963,0.0,0.22800001082899257,2.736225859577185
113,REX_20251026084543.txt,Rex,236.779998964164,2025-10-26,Hit,1,2,17,235.879998921417,0.9000000427469956,0.9000000427469956,0.0,0.9720000461669827,-0.6080501910189123
114,REX_20251026084543.txt,Rex,237.079998978414,2025-10-26,Miss (already hit),1,2,17,235.879998921417,1.2000000569969984,1.2000000569969984,0.0,0.9720000461669827,1.9254922715602956
115,REX_20251026084543.txt,Rex,237.403998993803,2025-10-26,Safe,1,2,17,235.879998921417,1.5240000723859737,1.5240000723859737,0.0,1.7160000815050012,-1.6214671760424504
116,REX_20251026084543.txt,Rex,237.775999011472,2025-10-26,Miss (already hit),1,2,17,235.879998921417,1.8960000900549971,1.8960000900549971,0.0,1.7160000815050012,1.5201254775475208
117,REX_20251026084543.txt,Rex,238.207999031991,2025-10-26,Hit,1,2,17,235.879998921417,2.3280001105739814,2.3280001105739814,0.0,2.4600001168429912,-1.1147586835265118
118,REX_20251026084543.txt,Rex,238.879999063909,2025-10-26,Safe,1,2,17,235.879998921417,3.0000001424919844,3.0000001424919844,0.0,3.204000152181976,-1.7228088745515215
119,REX_20251026084543.txt,Rex,239.251999081578,2025-10-26,Miss (already hit),1,2,17,235.879998921417,3.3720001601609795,3.3720001601609795,0.0,3.204000152181976,1.4111967000036354
120,REX_20251026084543.txt,Rex,239.935999114066,2025-10-26,Hit,1,2,17,235.879998921417,4.05600019264898,4.05600019264898,0.0,3.9520001877099844,0.8782947203523304
121,REX_20251026084543.txt,Rex,240.283999130595,2025-10-26,Miss,1,2,17,235.879998921417,4.40400020917798,4.40400020917798,0.0,4.6960002230479745,-2.465981330243767
122,REX_20251026084543.txt,Rex,240.691999149974,2025-10-26,Hit,1,2,17,235.879998921417,4.812000228556997,4.812000228556997,0.0,4.6960002230479745,1.0003834232933804
123,REX_20251026084543.txt,Rex,241.195999173913,2025-10-26,Hit,1,2,17,235.879998921417,5.316000252495996,5.316000252495996,0.0,5.424570402517343,-0.9363083895490257
124,REX_20251026084543.txt,Rex,249.183999028057,2025-10-26,Miss,1,2,18,248.715999005828,0.46800002222900616,0.46800002222900616,0.0,0.10000000475000093,3.1078120874221558
125,REX_20251026084543.txt,Rex,249.507999043446,2025-10-26,Hit,1,2,18,248.715999005828,0.7920000376180099,0.7920000376180099,0.0,0.844000040087991,-0.4391473601802456
126,REX_20251026084543.txt,Rex,249.855999059975,2025-10-26,Miss,1,2,18,248.715999005828,1.1400000541470092,1.1400000541470092,0.0,0.844000040087991,2.499761896403148
127,REX_20251026084543.txt,Rex,250.203999076504,2025-10-26,Hit,1,2,18,248.715999005828,1.4880000706760086,1.4880000706760086,0.0,1.5880000754260095,-0.8445141541930616
128,REX_20251026084543.txt,Rex,250.551999093033,2025-10-26,Miss (already hit),1,2,18,248.715999005828,1.836000087205008,1.836000087205008,0.0,1.5880000754260095,2.094395102390395
129,REX_20251026084543.txt,Rex,250.887999108993,2025-10-26,Hit,1,2,18,248.715999005828,2.1720001031650042,2.1720001031650042,0.0,2.3320001107639996,-1.3512226467004533
130,REX_20251026084543.txt,Rex,251.379999132361,2025-10-26,Miss,1,2,18,248.715999005828,2.6640001265330113,2.6640001265330113,0.0,2.3320001107639996,2.7887934785868547
131,REX_20251026084543.txt,Rex,251.71599914832,2025-10-26,Hit,1,2,18,248.715999005828,3.000000142492013,3.000000142492013,0.0,3.080000146292008,-0.6719984285771046
132,REX_20251026084543.txt,Rex,252.01599916257,2025-10-26,Miss (already hit),1,2,18,248.715999005828,3.3000001567420156,3.3000001567420156,0.0,3.080000146292008,1.8579311392248545
133,REX_20251026084543.txt,Rex,252.507999185938,2025-10-26,Hit,1,2,18,248.715999005828,3.7920001801099943,3.7920001801099943,0.0,3.824000181629998,-0.27024452934181886
134,REX_20251026084543.txt,Rex,253.119999215007,2025-10-26,Hit,1,2,18,248.715999005828,4.404000209179003,4.404000209179003,0.0,4.552570361100361,-1.2812681906859338
135,REX_20251026084543.txt,Rex,259.515999099705,2025-10-26,Miss,1,2,19,259.119999080896,0.39600001880904756,0.39600001880904756,0.0,0.676000032109016,-2.3646396317403746
136,REX_20251026084543.txt,Rex,259.755999111105,2025-10-26,Hit,1,2,19,259.119999080896,0.6360000302090043,0.6360000302090043,0.0,0.676000032109016,-0.33780566167733356
137,REX_20251026084543.txt,Rex,260.067999125924,2025-10-26,Miss,1,2,19,259.119999080896,0.9480000450280386,0.9480000450280386,0.0,0.676000032109016,2.2970784993969393
138,REX_20251026084543.txt,Rex,260.487999145873,2025-10-26,Hit,1,2,19,259.119999080896,1.368000064977025,1.368000064977025,0.0,1.4200000674470061,-0.4391473601802456
139,REX_20251026084543.txt,Rex,260.835999162402,2025-10-26,Miss,1,2,19,259.119999080896,1.7160000815060243,1.7160000815060243,0.0,1.4200000674470061,2.4863941857270992
140,REX_20251026084543.txt,Rex,261.231999181211,2025-10-26,Hit,1,2,19,259.119999080896,2.112000100315015,2.112000100315015,0.0,2.168000102975043,-0.47039890000421797
141,REX_20251026084543.txt,Rex,261.5559991966,2025-10-26,Miss,1,2,19,259.119999080896,2.4360001157040188,2.4360001157040188,0.0,2.168000102975043,2.263297933228822
142,REX_20251026084543.txt,Rex,261.915999213699,2025-10-26,Hit,1,2,19,259.119999080896,2.7960001328030444,2.7960001328030444,0.0,2.912000138313033,-0.9796364188638832
143,REX_20251026084543.txt,Rex,262.395999236498,2025-10-26,Miss,1,2,19,259.119999080896,3.2760001556020484,3.2760001556020484,0.0,2.912000138313033,3.074031521254519
144,REX_20251026084543.txt,Rex,262.671999249607,2025-10-26,Hit,1,2,19,259.119999080896,3.552000168711004,3.552000168711004,0.0,3.656000173651023,-0.8782947203609712
145,REX_20251026084543.txt,Rex,263.415999284945,2025-10-26,Hit,1,2,19,259.119999080896,4.296000204048994,4.296000204048994,0.0,4.384570353121358,-0.763828488987508
